{
  "threshold": 0.6459801197052002,
  "gnn_weight": 0.6,
  "iforest_weight": 0.4,
  "f1": 0.9033189033189033,
  "precision": 0.876750700280112,
  "recall": 0.9315476190476191,
  "auc_roc": 0.9989551457166148,
  "timestamp": "2026-05-25T21:27:02.804736"
}